Customer ID;Title;First Name;Middle Name;Last Name;Email;Phone Number;Street;City;Postal Code;Country;Birthday;Subscription Date;Update Date
CUST001;Mr.;Robert;Anna;Cain;gAAAAABnhWXEMEOMHUP5v5DjbFgrapApTH4by6vSsSPh4k2XUyko-L-4_q3kB-oHaOAYrcImY12Pb9o5Al3bfnTE7p7xo8KGcJqJNqNzkCcZrakVpRoHoXs=;gAAAAABnhWXEVZKKkPUjclZU3gubpRPvnKWGIe3I7-niupP-fsiAkczAYxa6Ms6lBZd4OKvaW4dCCGhgZG0RmL-SGurZCM41sw==;gAAAAABnhWXE0ad6wCFnUiLpOm782GY8J6pRjX0UY23qZVS1mDeYyaa-GMVI-ozM-tCq-Cu1MC628JGHbdf2B4vknmG7emA86_s9aF2lFNBN96BHj-vi0Bc=;;;gAAAAABnhWXExUO9CVcbK0kLX_abI8IEm8mqtgCXFw3uhdiBvmvAvvYPJ1aSyeQY5zPlCqmZCrXDAZg_6_Jbj6-9ZhtC4QSfuA==;gAAAAABnhWXE-WeEHMfuHyDs8OHYTIU4nOxZLHp58MXKMmkFlWiB4sXnSVXOwxZGZ3hmRLXZAUi3EyWgRYYVikVeElO2sVI6HFwcVeFL0JJDrCvNzssEmQo=;2021-07-17;2022-06-01
CUST002;Ms.;Lisa;Brian;Williams;gAAAAABnhWXE5RGhNnYvjEMVVxNjsWI9w4lHaMr1dcEPaw9_By6D_9jhyUxrB_ae_d1bFGD-dyBrF5fT6ht8-xmtwnyFMD1Rofn3cr2p9jiXcWgfQnsk5iU=;gAAAAABnhWXEiQFmEmm0iffmIG4Lw6ek4WVgwpLIqHhxpis3cBzed2e68QBbcayCB67FCj653JJfeBoZn3t6sUdUN5JyvFFnUQ==;gAAAAABnhWXEixkHf_xvz_3QsLRBOIuiAFa8JywoXDQA4gbGSu2xERm3SFXkwPQnRSDmVAyb944i_cAqbNMgZNWuuitvsZQz6g==;;;gAAAAABnhWXE0WL7GtIa8QUaEQrPM7G16pBu4MQ_gfZ2172Y6Tyr1FoTRv6WH1FXioQ5DRxrwIDx4cv37guJQ_yV1m-JS-iCEw==;gAAAAABnhWXEcnTLI317LZOwHKJD-dmIWHrLaLSrG3CNo6QVVp2kBnR4n735uRT0lox3HBAywujmidU008QMPy2bKhwUD5JbdRieyw2WriWwvH-xZIZf9J4=;2023-01-09;2024-11-22
CUST003;;Richard;Cameron;Beard;gAAAAABnhWXEVOM5O9v-l5JeamBsPlTVpek7zHy0eRwXwCzzpIHFR3Ly7_zChC4sWlY0uANWYRIgqsfm7CMfM7HVttbkeKIphifCAagSrjU410m5AU7xfIE=;gAAAAABnhWXEuChax9nPCw9rtzyY019W27cBblngV4i842VN_gt_w4cFOXIkcc36LS6eXXua49ydHLtgysS9OUpDxgjNpE01Ow==;gAAAAABnhWXEmKxkiaCZcWI1AIvwWnwLoAoyksMkf0lH2pW_9Sk1lk3bxZVI60I4XhvxPFStfZaYFzXkp1T-l524TW4v6_QikKVX2pOXGcGeNONpCjamwRk=;;;gAAAAABnhWXEDVOoi3K5kx4e7WVAXohFHtZeYKklYQj7BH64kM10iZb7l30rhqAavQ1MzLAgKx2MAE1FL0kp3AyGxzK6jJgFsg==;gAAAAABnhWXEw9KHxY-wdZiNT91EomPnSc4P1cWwI5lXcV0oXN3CwDDI-B9NjbbRsec3qhNjY4PQtQ8k_9J2FTg0tfZVDuGKeAqAg8HED6NuWIBBblRzi8I=;2021-04-18;2023-01-05
CUST004;Mr.;Nicole;Gina;Obrien;gAAAAABnhWXErP-gr6D9hhhf46J5uyM5GNDpettVcYbSS0wTYcC2IxcgPiH5VygIbRZzQyyBMla_TTCsTCNDfBpxF5u7MihAZz5roYLnJjfq4xLm1Dr8VFs=;gAAAAABnhWXEFm929Ltiy11Gdnde8V33k9SgBLUpE5Z7MtPWfAAEODpi2WRSVr-VR_GRCvzjNVBNYEKAiAyUi215spMe3e5xdw==;gAAAAABnhWXEgiDlW4DUS2xWXLYNRbC09Ip4oMfEdbxRas8mWK1E1jGTiqng-iGXDno1DAF8RNIwnI-Q_RieLUe7W0rtxuQd-BluDKRGuszF6zRagWTWJbc=;gAAAAABnhWXEsldkrPD4-rKl-fgaUEdcCjXFrp1EnCEOf-VPzgPu6pfHPQzPS8gEAtBmgc46XR5F_gbHXxtmvofiK8S6RFNoc6abU-d9tMqIm5Y0JFhuMzY=;gAAAAABnhWXEaz6wx5iIs1LsSk45iy-cIA_-EMpc3i7nMYzOUtr5Ji8Y5LRw7Q9ptmMh-FCJJriO_uozjveXkwn9I3v_0A73-g==;gAAAAABnhWXE9XSxPBvLxwd2gGrki9Bp3_c-Gf7Roeb70a62jCm4pBbtj0xjuy7QkCeXq4h4723exs73ghD86MD8rFdl6eCngg==;gAAAAABnhWXEIkod4pSUoibbZDoxCHUBz7kyvWJKmPRmYoNOpOaTOYVhNA6dfUYs_qz4n9Six7L_ro-KJo1tOjKuT42WEccRYTn9if9FwB7eR6GLuadq6FE=;2020-02-27;2021-03-13
CUST005;Mr.;Jeremy;Travis;Leon;gAAAAABnhWXEXPHRvTJ3ogLoOmuu65rO9ksS-pIgTDTf3eIlFEbGg0fN2meGcmPhhLO5Fg5Q_8-kpGGeE015CQJkisffwdQsBh8HOvfcwQ5gpP_3dmUiE0E=;gAAAAABnhWXEyAHaT58MlGRTtJ7O40OvO7RV-L5z0HfbkjgGXqlAzTDz_tCbzSO1GO1-DtMpafiAtKy_P7Bgubl7lXU4YTVlCw==;gAAAAABnhWXE3ps2KveexTzjPbZtwZ9ZfLLFUDk1C5b76bQBFmlEQ69CdDTv3UmWUHQas7mNG1A0QuDKG98Z2a7ryL06tLJdCR2rzMiHlQgsZWEtIoLKchg=;gAAAAABnhWXESO-iSjam3ixVldmgnne3DbYF_un5yxwvnr_T0SqZ0ehcoCG7aQ9SJ13NAzCuxlgNAQr3_bkdkuX5jo3-ZuTf1w==;;gAAAAABnhWXEQ6u_AbGHH8z53uHHa2L_Jt5zeQkvzTEQy3U06Rq0o9VYljWX-h2c6CmPzZkc_FwypcFHdqT7K1Fvbpr9LN2RRg==;gAAAAABnhWXEriYFzoVnpPj-nI-JEIk3xmDH0umBauaxus4Nx2ZPMsWucHzgL0YIOv0_EA61fUqVj52ltcrOfSfueNlpjnmEjuxS8lc54dlMDUVGdj1xanI=;2023-04-16;2024-04-02
CUST006;;Judy;Melanie;Johnson;gAAAAABnhWXEr58dom1PM4kDInjqULCb2TNvZurnqdTbkJ4gb2N6UXiqLuJIn-doYpsGVQfbw4eQ-5m2_RmyKrnU2f5l53p2O0azQgnP1Cgx0MMig62auHo=;gAAAAABnhWXED1kpTBUp3_b5PVv03xyVzjNxyqyrcU46PwPPXH8SuhuO8VnQ-jmKLbrgoEaGJIEK9lQ9ZM25xKOgHkTTZ_W0OA==;gAAAAABnhWXEIFrSRVNXBaOl7JTDKHfh4NOHbOv5kiORl3NIXGBbJ-s3es37tJ1hJPcD8FVGN_H3BPlr-tN56Q3nmg_AhWUo0g==;gAAAAABnhWXEZ6-W5CaN_5ZKgCVc8-Qc7J-jLZRmnAfZFoECnkI72PrOgGdQ2glsq9vpVWy07aepXQLZq0aL_R-4kvqjz2DZuQ==;;gAAAAABnhWXERP6bQy7NtFL_rXXJNjSOGW69SuV6SoZydbB5ZyvWK2esPAKpI_2TC7NA-mL5HApssk-libJOJPBjhnwq1Ji1wA==;gAAAAABnhWXE0OaOFBWVK6ncYXxttNb2WYrKo-knI1Hq23j1mqenB43MBBPTFuh7NcHLirt0-DbAUCCL9ol9W5vGoAiTIUys4KpuftraCHYsdc8AinsxT2o=;2023-01-04;2024-05-13
CUST007;Ms.;David;Theresa;Woodward;gAAAAABnhWXEn-CUPD8NMAa3sw1Zu3w9_J2m8qLZcv3FdBDrzL6JVnoPXXKu0ClVnDRnn1wy6E8RPLRa35d-MDfAKhnbpXmpSYlf5si-X6yb9TOktDXGQkg=;gAAAAABnhWXEzMlkQHb8wBNj5SG1uSsH4Dbqk46lgW3r8XrW7DgDD4_BVNA3Kka-yGnuJ2Emnmr1tF8MLb3uhquSlKy7V164fg==;gAAAAABnhWXEEbgQZnayKHoyhZdwZw2NiLeBTyeDkrZLJt-EZsJU__7usyl7kETUdQCcYwMm5-i2tUyZkPXeytjxW8XD39YJpA==;;gAAAAABnhWXEfAQQ52fw2fJhdNJxLRDv7myR3DK1Oq_N53xycUZADmm6Vceb37PNbT5qPvRHeUUBWbb2zhyAF60k8ZIln1NSYA==;gAAAAABnhWXE2djsU9t_lbmz6VKcU2TZu2aHIC0-nvCi3tl7g6QSbZPtNsmoM8gb71Tetk0Vzmq_n6D0SMVDj4XF2UeFxNo66g==;gAAAAABnhWXE6CZCUXIP4NuOcSWAZilVFR12v9xIz9ItOaszOS9XCzzf__7c2ln0rKzbgj9wWan141md7U9156wOH6XfBbUrVzMqwR25P86LslJWHKCT0ek=;2022-08-17;2024-10-03
CUST008;Mr.;Katherine;Courtney;Brown;gAAAAABnhWXEWkPbYRZBX3uOaOYcc428ScdkCBaR5EDcVwWjpnDmH6KNED5UCzxBz0-zxXGKE-Wz32WSktHxms14sP7R42BNiNgketZ0PszS9ufrJ7sZ28U=;gAAAAABnhWXEh7AAzRrOqTUMzDCDwpPr-0C8m-5r4tV44RGFEBI6fe6dS5Hye-W60YnoRMoM4XIUreA6lUHpNSUFd2ZYEws_fQ==;gAAAAABnhWXEqer0kPqn1avczDUX70_BTj9PVPy3DQfFBEOEKRYOhXkXWuR_RsfnD8IZwmygAUyJxJwKWy8ovNCgc5KS9Rs0Ajh0TOrLmMX2_P9FN9EuZ34=;gAAAAABnhWXE7GjnpTaMIsB1k1381UFS0RVZJj1EmJf1ce6r8A87OaBBE89t5ANzMlgu4W8spHNwGNoqCuZAESWv12jZUjM25g==;gAAAAABnhWXE6OXG48dQc2pivQlNbQDWzlT3Lk71fp4TGS37yK6QUhKJTNtS4kSyUNfhAVRZwN35ZvATveMRxJhNQnE879EM4g==;gAAAAABnhWXEsxk3498ww7WLzIOxs-DH915LDZhbqe-Z_noEvAAoA8OiWx0qVzDmVbHFMe8wilOhFRrM4V7hlEREEhrMThBAXw==;gAAAAABnhWXE6sJCWIFXP4nT-OMeGv04lqcKIrOJKmt59tr-SOL3ZygymE5MKUftoMolfZP0QSRe90z5ynYapyj6Yx-0NsBw3yKCRfFy1oxi-tHeJVF4ge4=;2023-11-07;2024-10-21
CUST009;Mr.;Tammy;Brandon;Lowe;gAAAAABnhWXEia-kC-RbBuxlAsV-etHRJafLfPgIhBQNsk5BT42tFLlAfKIE9hbZass9mAZxlegl2eHvfcdOzEkzxFSLPitlUlYy7CDMRLKJfRCJP-J8pQM=;gAAAAABnhWXE4ggK8k9HoWhx4ZjRT3m0d-tJGJGxPmtZpncPKf4pibYgq7MmY_c2oOpayHasPiOT6hX2oRF_vuEimXghoojqng==;gAAAAABnhWXEcLsrBr9hREZwmViI29P2rmknHtO188VCQ48VvdldD8ZarZfmclrhwVlr6MFtF7q6PcNxQPU6ftQV7smQ0SjcHHAYCD8-5ZziT1_mohSuh8U=;gAAAAABnhWXEHXST2OgSVAL95nr8hT0d3DXscMztXM9rumVjtgarhOgukd3PQNKIrd4FBftNLKhvEXrrgFZW5idDtjL_ipKZpQ==;;gAAAAABnhWXE05raIehxQotZtFvjdKGHhAPuLkYNpYQ48x1zEtR7-1si7MqAAlw_K0iE-GOdcjaAxaMOqDRppe0d05IQlnCarA==;gAAAAABnhWXEO-qPUYKfvYdDUpiAgLkwrtM7qpjHAYDZk9fWzamc0UzTzzeVXQFYroFa-dmdIcLomzUAryUcWFqungbcLuZuO1T32ZxtROFjuakvrbjpKwM=;2024-01-06;2024-07-15
CUST010;Prof.;David;Scott;Williams;gAAAAABnhWXEKTeWfHqInwNLqE-eomcz2T8p9mspUzZVUujA05RPCaU_ol0IatVLvbK-JKB7uVx5yp9kiYJLvJ5FaKC2j_zBJ8hrEUywAqeCP6NP1HohWnw=;gAAAAABnhWXEX8mQxXtC2HfJmypYTP2tTkr9RUxeoGiwTiIcIWgo9p4YAuWceY_t_j6ikmUpHF7ZEt9dkJpJ880BKkKWxLQICg==;gAAAAABnhWXET5eE9p8mTh9CMao_k6UpM7Tz5DT7US0yd6m2RvPZjx5Jrp7mjR9UMao3tIOlsurWA-sI2-5JJyOKMmY8hMTi7cx2IocpvhvnM_p1CIfstVs=;;;gAAAAABnhWXEai6VEIddLlCh-cMqSIoZm-oMpvWyQwxzWGfvD0ezE3GHMc-jpC4EM_bEGpn46VBYJPLbSUxzO1NJcle2o4I4Aw==;gAAAAABnhWXENcGUPFo4Nh0HyHxUqLzmxAMu0aa2wQ7RbPuUhbEwvZ4xy321ea_vyNAQ-A8klfKQ6S9yaw3LE17pwaiZdxvQ_bU-Buxv9mnVWDgiV4GMhm0=;2022-08-11;2023-09-05
CUST011;Dr.;Deborah;Michelle;Charles;gAAAAABnhWXEdkfSKFYfpAn6gGMKVuTIM5HKQim8uTOSMrd24ipczPw6TRJwo_TQJnpqNY06oldEBnbZBxU7fmh8WbyHPl8_0wgwVeZE1IHdCFrEv-FEKCY=;gAAAAABnhWXENKYaFOI4CXManMlL7WbsBcK2CrGMaytSpu30pHJrG_Nr5uIOBNtfAFsRuMvtK76RdGxsKTmTzI3Va0xev8pCCQ==;gAAAAABnhWXEh2o8cjLH8Oa4TXe-7c0VNmNf-KjtWh0SzvtMYQf1MC67RyofBVA_K-5jKYqxJG16C-cMxmNy5ok9HYsJlUKcFQ==;;gAAAAABnhWXEBHDczzDnBj7CvBGcv5XG3y12TS9Iuo8U-Okn_ZtN_i5LJiLCZNv0lSPBlGaYCBiPdxuQQem3ocFWInWxjIdkAA==;gAAAAABnhWXEG4dBrWZiBeX5PpNtOtIF49MXriIRng0qjo0m99teuz5s7F3rgDD1A4XW8iQx2JFHAGUQ-n4h1F05-R_nosvJqg==;gAAAAABnhWXEvminFYovak-6GlY84Kz6lEbeFtUKOfDgtEjyvE9MLuhv7qMBxe36JpRRDjTOHhtMalSFupKFtccV-sVnL52n1lT4m-8eVImRNGSo8r2uPtw=;2021-03-28;2022-10-28
CUST012;Mrs.;Hannah;David;Gray;gAAAAABnhWXEgBDFVidh7TKcvKq2V-eaTI5DMk_joOYjtOLM-ReotnKtliYwdq7_md5ZbNcApX2JYUZq5ILE1wYzuVu7U5gD01hBQ-1vm8d0U1q6t9CMZNI=;gAAAAABnhWXE1v0XgkLPHeo6sklWuvEeNiWZiyzIk4D2XhVulz5UisCkKmw9PhMqM-ENX0bDVM8PqyOUq8mJu2v5BIdjvzwDGA==;gAAAAABnhWXECmD2WWYlKlmh_VYcpzXv19DiObBmnpivySXN04cVX8ycLHiYfmQRtLZL7drJ70UXFRGzOObxoMpetfbUFT2vWQj-PEPIwS_klf0bY9CzWvw=;;;gAAAAABnhWXEIf5QOaKuSn2bMGCnMzmOXmT9seOpnRG7RTrda1n-2gKgHHlV4uBt7Ul0cnT1mozPIG1ZfwbQ-HiFgK337rdaKA==;gAAAAABnhWXEkVkKh8U5A3de1Cv4Z1wmWulJ0_EjV4q0YPmH52fiOO5MZIIHP8SdkbK3Hn8jJl-I_7A1vdpVxtcxtiid7v41u3QT9OKq7ZucTBe_99vR_Lg=;2022-03-15;2024-09-21
CUST013;Mr.;John;Thomas;George;gAAAAABnhWXECvg1GgUuzQFOkPsE1v6lJjKtKfSI5UnkAWHeVHlIbyj_TZY2u9-ZCNgLeLHCYRZbJdVRKUJrm_Vp3uTkkUkFBj2NgAuGM7vEGOB3daE9MwA=;gAAAAABnhWXEAzCru72GiKAyRsZx3CUp61p076fsqumFdhxv9gJ_kJAJsWltL8UgkPR-W0DFUT02IxG3yu28YeKEHXMN_WJ9jw==;gAAAAABnhWXE9rnr3m3HU0J0rQtb_YW6OvL12kVXZ6N1kKoJSAnWxv1kUGOUybjyka8xYMfHa9Mlvw5qRraWgvJ0yK8p7Y5x_KW3EZM34TLjhklKvii_7T0=;gAAAAABnhWXEYktjb9h2nWAL-pKVycM1nl8DrIEGWfoxzGCJ7gtPDuW-xNQM_j3p6cQcHO6M6tG95hm407oOuBucfhWhO-KXTx4f5i5t8lX0ruzZncU0MNg=;;gAAAAABnhWXEL4xjh0azc2OHxJUfvYt_8vy1CXr8ocBgsdhq-xV_eLfm4Yku9kZkDyYKlJXHNX2D48JN7G7APPTOOjljAIlbiA==;gAAAAABnhWXEht4OM_dsGFGUbuYj7wXw1A_njjwk8D9QS_RzZBiR1t0xDP5OYUdmQfbry_q-w4b-4CDmsWPyhiEl301GWuuec56loAIde_CAC5VEFsFoL6M=;2022-12-15;2023-05-28
CUST014;Dr.;Jennifer;Derrick;Bryan;gAAAAABnhWXEJBaW6MFm-f9pXLlDvO8gwbeLuPGhJH2hFQinjY4vI0_QrZKja-Duvw0CENH3RcMsJokgzyDVyzKsy_Nrq6uRjzEJlPdSKtnlog7OOVdzH0s=;gAAAAABnhWXEaiX8iLZF0XKlYRNzN-Iy_TE4kVJyfeHFzdTR2OUnm-2g4GerrkPpKFikaUwWlu9q9B3Q47rUPg8JkIuRFvpV1g==;gAAAAABnhWXEA6qOwWfo7kbvehJW9cemp3pIioRiac4Y8j_SxDAQuFgYx_UXIZABB4zo9YGAobEcTV7whZShM1Gzgww-GzJP4pgio2XfRUrWivSv-74t7-E=;;;gAAAAABnhWXEtAlxd_7W6YyETJnZQwjxm-iMvvNf966G9naSccXfhTaurk2dA8yOttyaYxLScHpLIOObF6nZRI7FLdK96pjXhA==;gAAAAABnhWXERySp9jPXoXtqy3mWqNd9vagDNmoHdb8fEwGqYDnk-lkTpsV8eNrh6OKqC125a7n-myft5eFztM-egEtJD5T_aKZCEnwHmD7oKEza0439-Vg=;2020-07-11;2023-06-04
CUST015;Mr.;Courtney;Lisa;Dean;gAAAAABnhWXEpIi5ST30CCdk2UUDCW-PSBysrlZzujZisGLramOnvO5vVKmPqSH6OqTNicObHPYfcPHL7eto6gzU8rrBT26gq4WyN2jeme_sMp3UBvyN2fw=;gAAAAABnhWXEHAFxfMhJzHVMaLRhSyZiHmC4C9tGCFQfSbYUV9R_LZZkg-eaTyemTD3ScQUAKzXyiNlA3EUSxATbhY5TerfBAw==;gAAAAABnhWXEbEhMARzyomAZMY91TvP49xoDBJIDtXM9aeLFDyJVrqBPR0lPTR3cUMbV8QFSIwfItycDJU833staU-R37vsmGQaE3BBMHuTSow2jx9BJ0yQ=;;gAAAAABnhWXEWs8gu1nTL-acP5DWlSlgqwR7c1NPBIqieMYlqeSZ7K67rDj9_fNkzYhwZxE45CKxK8yMkcdnEvr0l41zau2SUA==;gAAAAABnhWXEyrR2SDe0YyBCTPDwD6ccr15Mpd0dI8f3pymvJeeWXQqOUTpcJFOSzCG1zJNT-72bVMhPAtV3Zsu5hLFxmj0VqQ==;gAAAAABnhWXEBR3CL1ZF-d_3NCIursSyicDLi-oB5GDjeV-eneffzqeYocjWzwQBHxCm3nOK2wCnZNG09geRns8nVQrzO4D0C_tOyRcwBzI1LI2VAlp-Is4=;2023-03-22;2024-05-24
CUST016;Mrs.;Joshua;Katie;Cummings;gAAAAABnhWXESntAySdCkYiIqMGfXiy1HodYmxhV6c7yZVYGqjXrTHCbMCV7v2bXdZrCMOWnBSJxs3GmDDbeRF6lFDzTNKXvtB6kWMOfKCvbd5SWhDsec0o=;gAAAAABnhWXE9syeCDOksJlst19tz8vklAOAhUV6DntGUlY-7WDE6t12Jb5HR-fKRXrmZJ0noSPkfXZo5vdkd1o7yOrGg8CDvw==;gAAAAABnhWXEqdPF5KenozUUjxr7orbjOkreqMiuFR7Lymfio3hxWK5tkNLliTPaRHe4EBmwHDxXbA3sMwVHO-y43SUoJpPKPJf9kgMHwG7ONlOunYOXLKQ=;gAAAAABnhWXE-tipiYWvgNg4JbQ4VdA56y0vCnJjbXjsDDgYU6i6Wh1gfOp_qJ9YD0-S5yy2jXYpSYFFfSi6aoG8_eCiW6JG8Q==;gAAAAABnhWXEjxoXJWkKF6_-KKEVbGKJ1EGs09RMiQiKuIo0cgVtm9LYS1ShDABMTrwCnduNHmzwXuvObZcKpZaCrlu0sKKiew==;gAAAAABnhWXECbzREBGMMN7cWCwziWmrKQkt0E1InIM4uZEKAGmD8jO_BZroDrytukRoJZoX9mbt4_GaDj1S-IHyjEnhbryY3Q==;gAAAAABnhWXE9QHX-nx_f4LPw4HxDf6R7qdAD0H9D8PZvZIJd7z3IclojGeX0VbCogdNsguEigPnOoz_U79k9V3WcwTgeA_L6WiRKiNcebhgU8CHn2FtyhM=;2020-11-05;2021-01-13
CUST017;;Alan;Randall;Dunn;gAAAAABnhWXEffWxO5vBl69xJxR_FibiTmYpc1M6nrAQYZO4DE0gkhPgyPmk85RrGpZvED6k01kTQs4Uay5KGwyyMOSZe8AkVkUMDs5nuQ2YfI8Tzls81cU=;gAAAAABnhWXEvQWmDe1LZpTBHSPTXnOInMPP0s3gPwLDOwevg9MBrZNRowT0QokbB2zRr93WbU_NNJbdRqQtXdHsndMBhQwd-Q==;gAAAAABnhWXEkXtO0tDmkelHYlgiePjJnXAKm6oiiPvNavlyfM6JbY7tFdX0N7hzBePRO66b4zYh08aL52I5jdQMFByD3SZ19qGp3xVCBZbZUQVOJQtcxSo=;gAAAAABnhWXEJi6Y8qGNj-86iCfD_X2o3M2BRdg3BecyMycqOCw_l0w3NomuMqMwECeDy7mBM7cBKLR_BfWKkMtN07FwIaWS_g==;gAAAAABnhWXEQU3dPvHyl3BgejDTzd0w4jON2UooOg2LEssf4Qxvor-fqs_x3SaQSD9PFSw-NquCUZFwKU6uYJ6sbfJoL7pINw==;gAAAAABnhWXE8EHuhPjhx_lV3a8OMyyFqoQ2Ne-PdUnyUFWEUbtKC-BNt1M4u3mQmpSeWTJRQpeNhE432yuGqKhtEsaMBg382A==;gAAAAABnhWXEIe36FAnfsKbo7QPKqQAytFt-MFCfWj-3pJVdRIvxhGr_wwZXq93S-uIMbWW9hkRpUDQPjSqfshpFro1rcv6JrX3ay3aWZfaMaU28luFlZ6A=;2022-03-05;2023-08-25
CUST018;;Brian;Ryan;Kim;gAAAAABnhWXER42dysfx_TVuCda74wtUg8VO0NISJuUF4RubkhGNdP-T6Hy0Hd2uA_avhPdaj6z28Ry8PVdaJK-VhGbgY0rpG4v3iXn2wpXgPVYTBOpjb0k=;gAAAAABnhWXEarhJhwYZn5-oT_63Br26THDMVE9fROuMLaLkIJGZ8XxP8CcX_3a_uRk2J1-lBk9BvP3aST-jRK_a0hrHoFNbAg==;gAAAAABnhWXEEztSOCT5X3pHm9OSwrj56KhYT-5E5NO5nb7O19DX7oQcaH_BLUTqDcqHGxVBVX2rdAfc6NPhRQv41gXBl5DEocsETKMOKnD9wTxFBOaWxRkCJeTN5r50oq9XPyiwv3vM;gAAAAABnhWXELwKYnCuwd871iuLn00_2N-fd-g_1YW6-zpAafOYtCsGc67Mb26iFby3h_YZ7oz0Yyvrt0lEjFF_V9EE73o5EaA==;;gAAAAABnhWXEuooJriyiUYCt-Ehqbr_E3qRIL4T3cAzJAbrtspTKGvZYXwrc9y9nExPnW40vsErSyp9bloRoiVp_jn8DkIL3ig==;gAAAAABnhWXE-agxBEmKEQDTbsVHZ3NZWoFPNKEPjnFvKxoQY6MsoHcpsp98snXcvcCFBwJgrZemrX4LFDlDhbOpmZRA4AAN4kvwtPSn30VOlQvbaHB2Rik=;2021-10-18;2024-04-11
CUST019;Mr.;Eric;Terri;Lee;gAAAAABnhWXEJDAwc6RQAtQzjYw61goL3wyJDHEAOAB_EKNZYURh6raPpvWgqffhSgNX9savmAudn6zHzyOGdoJlnDTFkgstDa-1mbCs6TgSOUwhCS2scHM=;gAAAAABnhWXEYsSRcUoXvBmuH3i94liveRXgk2TPYPYxg0Mj4TbqRYF7H7L5LIotijE0WsUWrDnph4UR1-L-KFBpMUaJBEYdAw==;gAAAAABnhWXEEWxTo0I0ZCI6Kr0QGQ9nUNz_JJpZjrkDsMxM6CMgawX4AOtyX8p2KysrE-KQkbRn0MFZr4Ezk1cvukPwtyJwN4BhhNMYMFHT9gIbh1PnDCM=;;gAAAAABnhWXEKLNkY1NM_QH00G3Cj2iI9msimB4oYu6I5_0wbVHGmoIEvC1h53Cnvx-BPl6JPYwGIHBfVL6eWpmKIXL-ZE7wEQ==;gAAAAABnhWXEFFg9gtPHGksEboH5_RRsHB8jw2ohkOiLoSjQ9SbpWSX1berbAn1dl5bm7Aulz84KPJeXG4E5HT4pyikhFB9jmg==;gAAAAABnhWXEiuxOD54OB9lqYmaS3ObwMKtE0PV3Zgl7WarBLPNgSMGNIR746Sfr9nqmdF3q-hAFe0lHK3TD4LafRShMJ9CjUIIPZPqmCTcsw1j3fEzHq3M=;2020-07-15;2024-07-25
CUST020;Dr.;Ralph;Kelly;Pruitt;gAAAAABnhWXEFDCqmzfoKzBe7eIzLOp2-gAUQyu-sF1PvB1_VEmYrtujU70JMn4aG8zD4O7DWf_MlCLJwS8hvw55KAKYfJxYO-uMiash3bXFP_5ei4OCRf8=;gAAAAABnhWXEvh0DEztLLE3eOxwXKRsr6kRM9evFz-LhsEHThLgfOvYJ_FEtZNsb9HjWZUfsBVaMA5Qk09ofe61M2ZPsFy7gjw==;gAAAAABnhWXE5soy2OMEaAY_83Y1SwmgxvYxGgUV56t4ZL3mPf4meNcMN693DQxuG7l5sdIXMgy2LZamFkQsvB4bM2xmYgOB_EueTeni7a9_ormVMOmsaP4=;;gAAAAABnhWXE-Xv1YJGT7q4J5_9qwFnbckk2Rv_IANNAZCQbkT3zR-d_yZBL62bNk0Amu148LZdV41AL_CAY-4fNqmwrxK0f1Q==;gAAAAABnhWXETkqmd2oYojkv71dhIvrwNEXgVxlLkFYZJpa-FtL7NgxNGJHKRbrM6_E6HDm16Ot83Zol1ANGo9slih7RLMllVw==;gAAAAABnhWXESOfTmh5RTqg-PNR_pJ3GFe0YDxzCbtna6zPgkGwfDjODgf8gVkUi_DIjCrBv4oScsMT-uEodQRKChpD54bMLkrjLU0NvO61pnA-KhDoLfuM=;2020-10-07;2022-03-06
CUST021;;Cole;Oscar;Carter;gAAAAABnhWXERDGfNZFQ_iQlxGO_dBguyx2MorJCLhJGI6Qb4yS8oI1BNwtXsJA_RFiucQPWLA4DalhDLPiMEgv3yU7qhaE8h57-M9iQhcZ3be_iu2sRass=;gAAAAABnhWXEUPcTlQ1FlVzXGdW9-n2DN90YdYAQj4SkAQcr0kvraJ89oW9ZW50EuS44QqcnJumJ5UL8eKHENM_zmbRlKtZPsg==;gAAAAABnhWXEF8gBX_gbceOwgRQezUVVuLBIbr_JZ5mV0koJfFQPwGTUh6i2V0oUNkI-GAUClGCPTJ0XHCDgkddrsXiuzXXqZq0o2JUvvVF0_ZnnhCXV2x4=;;;gAAAAABnhWXEXtUWAhlKgOAF_pPkniH_d3EZqHsctuYuU41FZLVWgtolE2VJMrCPsJ2fF3wTKAXrsjFvQ6qYqErBPrlnMyGaAA==;gAAAAABnhWXE__N6wcMO9ICwC8H6RxaONcB2iKqq-kJ8bu1TO8ggxdCfZbviUHA9u4w32yXbc7h825AoSYV0xm4ig665A0l7qKBY7tmdKAy01qsJJrGFrQI=;2024-05-20;2024-08-03
CUST022;Mrs.;Vincent;Daniel;Davis;gAAAAABnhWXEdtc82qgpCfZTCx6xPNTSvIR-WZDj63H64POHUQE7cMtIeIUDaTDga5_iQh4tKVsWi_sEI9SMS1-OCJtXgpdZrmpSwZ_FKqAMwSIVWxb494I=;;gAAAAABnhWXEYJbEzADTeSLrKMRYr9SL8ffmWNIIgPepGDX_VV6ko4qd5Jk_OyI-MFy2tj7L-O5W3RRgq8h6kcOO1XJfYOskng==;gAAAAABnhWXE31tjCkW9Ik7pzWF4A6QKm-CiGYd4T18LMrZlUYzSdm0zKjbEzlkodnYrgp3T24fXvin3T3zKS786MSoJqHVJZA==;;gAAAAABnhWXEesHKV9iopanOtOfisD0yZdC82Oi9CNDYS6JzatRji7sKx3nMK8cLL2PB8riYiqC7XyNPV5p5FDcwQlnDsJO37w==;gAAAAABnhWXEqQ5vsBHnCpmbtO-Vz56vyonONREGrcIi-C2kjihM5oY0ZuzmF3n9kP1Eqh8w5pz-NBY5MB8cjamBNHMMgg09E5mG06bDibVJ5OMli5PBT0A=;2020-07-09;2022-07-31
CUST023;Mrs.;Jeremy;Kayla;Brown;gAAAAABnhWXEKWenH-EKHoB91aY6RFSqZxD9V2e9mH8tuPbX7CzFQfIjPT7fQ2evQofI8zsMmGYhUhlvqHR3W0l4vx7TfGvjmJAiPyApMuBmmgWF4NbUn_U=;gAAAAABnhWXEeq1rMXvtb1C7tiP4waAYFXeoIAs8cb6ym9J-Wxx-Jn1n1EvBOB78keu6NNkqMGSp-w1EYaOPQPav-RXU1KYElQ==;gAAAAABnhWXEA3EAASSPh2VRRB284WzgtSeUDfnZEO19yCKmChw2oD-UEHnYRNhhHU4csxbcp_DCIGjAyGAOhqUy7zrOs7PeqmSWHh4RB9HI1sf2v0U3MIc=;;;gAAAAABnhWXEY4z7EcOGV_73F685Pi8CtSxYpxB6vethaAF3Who978tAJ098NXTJXBO9KTuge48ZYJlHg8zRp77BoW9PUiPVtw==;gAAAAABnhWXELxRy5KxmEMKD6s8YzNoMYg_1zzv2AvDXWQxTdP3FcWqjjhw8nympQtKuSO-OKQ_ZBEi2AfDUEpdOb6UgwncTmLmZk5T0WeVSI4yoxMJPU3Y=;2020-03-03;2023-08-11
CUST024;Dr.;Andrea;Karen;Watson;gAAAAABnhWXEeaJQKInrP1ENJfy4udxvrYJahgJv37hFx-6zI8BIEIpCVRX-aXmI5oGqhipti0OeWHje-LxMjrhls2PxdBltuKuUp0CTOaju3Q7Bfe0FLfo=;gAAAAABnhWXEG080ICe9Q_WAj2nKdNISJigmK5LP8Ue4zDMHBAFRopdqOiSSucWGBY1qfmSmEV9a3Lz2OtDc7CEu_DaCZS4-ug==;gAAAAABnhWXEjjSb_2RG71IrvkHrTvjaOTrZxHosEwFrgaGN9UBVewE8oMb_lzgjRnWgPBspeFkDpY-_Cl_nNavRRRi2eXflSWFv6FdtHDaRyIWUPOsfjv0=;;gAAAAABnhWXEwboZFBrMNB4-s3p3b83dhBvXwnp-rua_A91W7iCNDljPM6s4Ex8eRR2N0WA_d8ELINVhcDnWdCYKY2yr1PJbxw==;gAAAAABnhWXEaznkHFIfaC2-alkXk3r58k9G5i6Hwy9SFx3Z_IlcoMg0uXHgvde3hGNBTz9m8FOLPiaULfCthTaDJBIiCkeMTQ==;gAAAAABnhWXExUoq9sKvrg9W9f1h7Jvdv56KhIC5cC43P73zDn3p2EtcV_ABDj9b6xpE-gFQcsxyVKMuf0Q0Cx_6HM4wnjXDt9iLykDq84aN0BsIHvrXzf0=;2023-11-15;2024-02-24
CUST025;Mr.;William;Adam;Knox;gAAAAABnhWXEftsiZFwdmGJhIQMxjCHwZipnEIz9XKWg2fkmBdUVFYcenZec1mut7hI2zmaF3lQn4cxj0vOg7nQ3Fu9XoTkRmVi6uOVHzmJuk7XoeNGQw6M=;gAAAAABnhWXEZZ_r0e4iJCOHq0zmsGEosVXNkFQb6Sp7FcDRJocGg4JPLPv_lWJ_gUO0UbdgH9jWC8jyLpArtKvEPRkHPiAdnw==;gAAAAABnhWXEg0n-LSRTBWtW5kwa9B1poo8UDjGi728BFdRdeK-2gZ9KeRFr7Hchr5yRDsp2eKHc092bB0_2wKU5UF0coeNn5k9m2Aair9BX4vG3AWzKEoY=;gAAAAABnhWXElrn3vDW8qj_E6mosmw4-X2ovu2t1Fs0Ymhh4Xh_69xnQHD4-Gp-ckVzGNVoJ_YQRXWypofV3EZJuuVFWii8hMA==;gAAAAABnhWXEh8IqkE2v_hibTw3AO0pHvObTwxb7Bnh4dT1WegAAj1mPolJfKhDu3nq5Lk04kpaxXttlQvH-XnCxP01cpcqtnA==;gAAAAABnhWXEeHhLsLMa1R9Ru2AYJ_kfREMluKgvJyCmdjimYuhtLDRO1lETv7CO4Rg-u5SWyXe_OYCVgalt361UOYyLzmTVHw==;gAAAAABnhWXEPiUjK955hKSFJ-QC_ofjL43u9k4aqoYM4JmwsgnSqRhFk9wTG8NW0hEVyDmb3Y5We4fE1bByYntC6bnW0ngMeU7xE3GB__cmfFQ4Q4ZfUaY=;2021-10-31;2022-04-11
CUST026;Mr.;Joshua;John;Wilkinson;gAAAAABnhWXEOchsOVhASmBomvg62e3jPG8ZdtCJRc9GFVyOkxZUnE9L1dnZd4iM3A1D96ZbxPVvolkj2Zy70GHLNsUEghH8BebXaNA1yA4daJm_pwVmLbQ=;gAAAAABnhWXEoVi23pHfn54FL_Oc_iBDXrQbqBlGl4LwNTO-gvIi8rCiXth_EmYtbKCesgdDu3k6KYdYTQvMAG_7GtB8-n1jQg==;gAAAAABnhWXEKCsb5rk33lwmJd8Rnm1IxVXrutdaTtau_hTIVpB4_EzJQAt2TKcdnoxt0qiGEyIvWERhI3DGy1b93gUtrpk-688Pkep91YLw8ZRb4FoVuJY=;gAAAAABnhWXEJDihzj5HWktIPMkEBBQZW-jjBHHSz2AgBX_9qN_YjwNjz5e-cM6p3FJYIyQi9NxM6_oBIcDFVN_0LvUDJzfKyg==;;gAAAAABnhWXEtMMcDUfCIcOXCp9rgace8L2VbXfWKJr3iBhyNkZaqQpYq6Uv3ab3QzcBQofOyxQxCWwXR_mdfwh_dhdG2cgwIQ==;gAAAAABnhWXEGmsaNiaAi3jnWq-LhLWgz4M8lBlWsG1HKnCPsvgl5OLeLR0WGb1uwg-dNJ8mslqBUZXA0yCNzmNJNwRrU8lkjN_ZkZJcv3ZpVcVAHLRnvFE=;2024-05-03;2024-09-25
CUST027;Prof.;Paul;Brandy;Hill;gAAAAABnhWXE59mCJ9pw5gI1qV_K_1EGdqq-GTdAKyxdAD8b255e8hfXNyeB6wLUTR4S2j6CidnQbkLYw6v2fQJpRGysVhq1muA_ftuzVf83Xkl9POBiI3M=;gAAAAABnhWXEeVch0-_0hi-6ym_DZ_u0ZGQg1O1J_wlqck-toCzY9cOajfpjUofDOeUfVvTsI3OhEZ-GDPMVk6kTd_wm5alc-Q==;gAAAAABnhWXEjvcqLQ-m4Vf6MRZnzwnF0KRsr0q4s6UmYDmx4i0D02V5NUK-Eofpc0HUe0eSXBgwNcxB58QmkWQke6It5vLWe_Q2inic4z-5T_fjr1r_Cx0=;;;gAAAAABnhWXEGFaqjtMtBG7CrCLrJ8dhugLNtVQtEBchjGlquRvvxTSuNY6AX80iS7xxtavFyCF-fmYhC-GfSYWr-S_WGF7qgQ==;gAAAAABnhWXEtxbfeiZJN6La4h_t915wQcLgXsF-w9YKtlXNRqGkfvqsYDiatA5n5Fl9valV9nBaClJUmqw0qwFx0kgnVQsBYQEUjKlILjUOWHiTvLNIpBU=;2021-11-01;2023-04-19
CUST028;Prof.;Karen;Beverly;Martin;gAAAAABnhWXE56NzbRsgteQn0JrKhiqgB8VH29f2DivvyYcn4ipYAPia9NIVMpqID7-MjhOJgSpWD8u6r3DDhvyeZl_c0psOx-U2sO0u2olFYnNim2fcdMc=;gAAAAABnhWXEno27cZ5tJpVUzEzcWQtgqL5azERm5-huE__CucV-YXEJaxMhP64bWCA_Xu96-1Dx1_gqKE6edFk4fij-aotBqw==;gAAAAABnhWXE3zuUWCnj5frEcLA9rjdx2SYwqSVexLSeo7IaqpADUINBPX8dAsFNWBa8cuI6QBhpxcQoev337apdR4ayYF8iroW2_sFFMVOR19EsBJKIk3c=;gAAAAABnhWXEOiWqrsImIDZySJfjaB3wc5UQj-7Xq-yVJ0VnZQw5Iz2TJKEXp8vKmrhNKrl_VEWW11efvK9wp9QZzWK20fWUTg==;gAAAAABnhWXE4HCxo2-Q3rrgyH728wBU2WbfNPr82TA8MCckkdTfvtoqQrAWti8qkh2Azbf6ym7LEbhuE_kvHJ2-aPwh0Czmxg==;gAAAAABnhWXEVjCXjE0zghbGsWcfNm4rVgs0_0kt-0moujw5_umzfExeMnfzm4ac-J9ZhfOtUR1LuazX9RKePP65PflcAAldjg==;gAAAAABnhWXEHnqo1eAB8Jsdll9vzExz_xQL8BXs--kwAIwk5Ep9ZbbXYvrZ5tglWEmL2a4mcVvzxm901kJaHZePSoCnx7wU7-gfPTHy_MMW2jiChqXKnfE=;2022-09-03;2024-06-12
CUST029;Prof.;Kristie;Andrea;Edwards;gAAAAABnhWXErccj2Th6VVKVdaa4YIA4UzX9csHBH2-0v0yR5NFf1t4jV9fau3tmJWMn4GK_FJWwQi2feFFyqUkQj6Xb4xfvqzcl3NjQXMv2oWnplEgsREw=;gAAAAABnhWXEx3E3tvdT1z5TvzjkdoZiwWfOfX8zeyaY8v7FWaSeOVLROevVkbyVrrCBF5I-Bx8DzhlJWbsOPXAkouk3OrfvRQ==;gAAAAABnhWXEt445PH2eL0KaptVx1hj9zh3d0Cfsle-_LE1ndr4jhiBc6rjhcR0O7_JDRH9cvS5YFn3SL3e---E9UVerOx20jSCucwhNfrSB2EwEJQCaQ0E=;gAAAAABnhWXE5Yyy_74-eQ1hy_L2v_cJX8Gx0c8IfJo8-_eGQt2dVuAfQ4aI7UYYX0X_RkIZZTj4m3W8dL5q4QOQLmWKy5soWQ==;gAAAAABnhWXEzypkbkborEyopIEhJWzzljIdC_S_DJ0TK7QxXgPlVVCD_tLgr5mYUoKTDVmduSoIkbel5kQaeYYPppVic0fj2Q==;gAAAAABnhWXEBV-oJJJPcFE0Gmxs6aHU02QdycxyVcCaiLRNYvp9oge0_tTx37XF1cGv--BaEPDCS2CKo6Rmy7wC5jz9kT6FMw==;gAAAAABnhWXEfEpfHLlpNCOSnkGOa9IyWzlAvwImfmO3N1Y9swSVRUFtHSfgay6Kb4JTR2FnRS0pC3faiWBj-AGlJWab6SmSq2AJz-5RADcJMGIVDSfwzaY=;2024-06-13;2024-10-18
CUST030;;James;Brandon;Parker;gAAAAABnhWXEkoxM0iqfz62Ne0Y6KIjfN1-M9fre0iFCbFdn3B74BMIjbUkdd-KRgsPrsbRHP0xfVYvLS1uyvM9aWvYbdTzH6cu2P9vWcqNqXYTY6Reso30=;gAAAAABnhWXE5jZ1b074X7YcOu4NwJAGF0AEnXK3d9vpjtvajrhfZ4JaYSD6px6aQXoVsslNVJJV3CYK35q1rlGqgO4hbZh0eQ==;;gAAAAABnhWXEaWGdRblWVhk-qsh8sfDoAwyBi5vzCl_tKqvjhGcGJuzs4iNwQNmSwpxiESg9l8mUCTvlYPaP2u28SLsf06LYOg==;;gAAAAABnhWXEAFtEK9sOZsYQscaabenhdoAo-nMpaVL8gSR7vuaVd4PyGdv1KU5Eer1mOjttkNAmFk_Oj0kDO2JVbtlN1NaM9w==;gAAAAABnhWXEyPi1Yq1K7JdMZ-jo7aX6DLVbca4SRmu2Vx5yHDnT6U57SpT1bVygYu_ciH8PCMVjFtOef_tvAe_dQ5L3zaduiMdkMtpC7UIKbeNxaqavlYo=;2023-12-29;2024-11-27
CUST031;;Tim;Eric;Miller;gAAAAABnhWXEBCYKUtkiHC4oguZFcFyDxZlguhCggqlcNeK54BKJjvIr7o9Ve9vULFFHax36BZNz8YmAlITmRHMbZo2z3Vl5rG57o8pIuIInjr-IAEdKuBQ=;;gAAAAABnhWXEpA-m_FMILX5oT6VqlMPxcLm7yS67uox0qJ6elOtxFTs-Aw5tFTKRnSPlqopA_Eydgz9Wh5r-BS-u8R-5QUzB5w==;;;gAAAAABnhWXE6uu3miFICZFRLJzHBIl4mTR3vUYMNOF2AIzwCHGKE53gsGTaipFxugUGwEfnxRbmvloh20uFgCst0YSy8BnJ_Q==;gAAAAABnhWXEcxVcbCkaSZTu7LPaqSk_QaT7H7UgEQZKliR1FGI9v3ku2KoF_YcV-TAmLXgvgLW7mN8bjiLbaydx7LsToCM2WqwiLEUXDI6-q5Rk8E6XMXQ=;2022-03-06;2022-03-30
CUST032;Ms.;Shannon;Sara;Burgess;gAAAAABnhWXEFrDV_OWwJYND9xaqT_ZDT_BWPzeFGI_Ad7cc9DlkQBkRDlFVYnMJbAje9xqTKMZKNpzG_PTI2jEFd2bDGDv_27u1hP6kcB4WOQlH3ZP9Ybc=;gAAAAABnhWXElRU_oRIdZUcItNKPgiAC7FxeorV84jXpPWppDEZA04Dk5o0oofr5AmA7x728g4MRcgb6Zq7TOFcGfJs2A3TLdw==;gAAAAABnhWXEXD6f_cQ_YuMLXHvAD0b_GJuh36my93bBMwfHVMv09_etFBxz05EXlq6mob4sSfJIWJtT3sqbuUyGJNswccHGDkpnlT_efWRtglGw5v2cqd0=;gAAAAABnhWXEYKjKbF9KVZshvEOXxhs7A-4dLig1ZuQTbXf_uqjzY78SN6_sLKwg8kdSA58TNLKdgVvO16XxE5_OL9WC_9vcpg==;;gAAAAABnhWXEJ2cHfiiiICqE8wR3TtKXaCOZ6R0Luayar5KX9z5YeW2Ci_4l6oxdK74LHSVsFFwAx7GQKJqY2II-Eu7aHK68gQ==;gAAAAABnhWXEX0SBR-EOLMB9bqIFbflF7xVUDZB9NP5RKSMdhR_VyMl7tBPTdeGS8-Ri8cT4xBgGUqKwbW4ICKu-aZCAzyFX0qwmvwU8Nq8TGf4sMIHJulw=;2021-11-24;2023-06-04
CUST033;Ms.;Shawn;Randy;Garcia;gAAAAABnhWXEFtusgywhm7GQhxZdTTqaFd24ve30O2WeOKwnBjoYEbPUXI-SW02WXr1T4UXkrgCgSzy-YsDV6C8oTD-4nwI6NfJCFua0m4MyZww5mhJ_DMs=;gAAAAABnhWXEn8OGlxd6dYso26XCs-ZNqHeus97pk5G0y_2TqMREr1h1y3gJ7ZTSMPaPrRTX2-QpPweTCrkD-gJ2d7jvkD4bqA==;gAAAAABnhWXEI08sZ3kSh6kr09cxD2KBnHPgAfuKP3xVvS9HrnG4mJMqIj5V7UPHG1j-DLwdhWdTOcxFWBV6y4mfGIqIaWjI1kdr46XEqt08RfCjYHqFA7M=;;;gAAAAABnhWXEy4aKOtycm-Y8dAdIn1Gp-BqRqcOYGIIwaJkn5t-N67Psq06BnxawUKCL2S7nfO6XtRKtJgFFfoEmldch1EtF0w==;gAAAAABnhWXEgXLJ8-uepmkBK1xeyD-9M8TSJ1vmQYA0aNwF2Gg-wI4W5AFun5V28xNjnap1q_z63xrao8zgITP07YlNr3Fp2aiTYcuOZeVatmlN3tYlo6s=;2020-10-09;2021-08-11
CUST034;Ms.;Joshua;Barry;Dennis;gAAAAABnhWXEEc8HlpBjhVNFCgHUgJHJqoRepIr4OfRymrusxtV-0dsF5SbPhBdLGTN91eT1hA-FMi6HHUidIplBuaozHO0DAMgUPg4bxK8vAz2EmnUhaYE=;gAAAAABnhWXED6JgObfv4mdYtvZVLBleoVvCmnLXCkrLFPCQAxfbleG9pooOJGrvVxAb1uAHofP7sMF_PgMKSukxiaT-TkaSjA==;gAAAAABnhWXE0XBhJ4aGYQm8pgaQ9Gy1Fi7Hpj2taNZyqP0IGBtu-xzxAzaSEtuz3cTnp2AFzUIvHTTfQs4OiIN9w3sqzP4fe6p2oP-OxjiPoeddvT8eI4o=;gAAAAABnhWXEhj6zFXizy6ZX5TgFs1kLR6cxO4SyO0ady5kp_o4HjzNefkftYhYQg1z3-UstiYwTUNOh2ozRBTZEYoDMHVRHDQ==;gAAAAABnhWXEWaVVdrfr5ky5z8Z3iNUw2nhiye_iMX3IT8Y-JW95HLwQXLL0jhtuBM6CWU9wFiM4W0IsvWjuOqTPa_SdLomPKw==;gAAAAABnhWXEUqA8kFQdg0DMbynpGyjeg8zP1d5ONVWgwB-7sT_7vxLZG1bFh8B8eva1rGHmNlNPl8BNxc9Z-Wemxcea8fZ22Q==;gAAAAABnhWXEA_jZmSQXu_oqb7FgwIXTGrzjB8CYCk7I8py8Eh9aLAXNdYcmbitOIOkjIOJG-4pWu66Vk8u8RcgMnWv6KhIon_bqk2QTUabgV-V_ZjGmudc=;2022-09-20;2022-10-07
CUST035;Ms.;Michael;Alicia;Meyer;;gAAAAABnhWXEH3WLVSLGMae0tsib3dsnhmPHn63lrLl0y8MeMTxzEPAvpGSmq31FXLpdiUg_tdzWWTc7M6W2n_8MnyHIZiWfDA==;gAAAAABnhWXEqdZX5Dy4fiNTi2asC8xBl77Jp9glUyS7-IKfXMev9k0X6idD5nhOkq7Sw5ZM3fdeV5rD0ZQYwcFyJoIbs2A7BX1sCi32AlK3kctTBXi75N0=;gAAAAABnhWXENU9T1ZI-hQrHlqV44B2Vga4McT739Vifppd6-_Z0Luh91lcynZkWwmRf2QJF0vmsPWFv1QVMOYDVql9PQBWATmNmsUbM0j8F18tC5XGoiPU=;;gAAAAABnhWXE6asQMD07n44c8LeyJyjt8zk3aDpJePzxpC0YNJ-cJfwSuwMmBf9AlHIS5sv8zvXwdriJYgLmBeZKBbg4-QgJGw==;gAAAAABnhWXELtb19uwcWcT7lldgH_HKKYceieEL8yL1UI_ytsdWY9QQMPgDSpIb5Lxtdxc4g-fKdGQMv216YswPCYj2SoHdEWCxw5O_7QfHjrCVc5v4YS4=;2022-07-17;2023-04-13
CUST036;Ms.;Brett;Curtis;Mccall;gAAAAABnhWXEDLwoNBjc8IgpnyYnihPt_ceXEKMpGV2ZqTdBS_S1VKGVjuEw7QKafWNtUbog9uyKs1KxQj5AiAq3ne-kSh-wloxgEGhBEey_eVI7EtFh7gg=;gAAAAABnhWXEYWVqpBKmf-ogKsB-F-SXMp5wEQjZWeyE56QAGrWMIj_ds4mF-rmVJx6p7DEocllXPcLt4MiAcOBuGtzkW7WZCQ==;gAAAAABnhWXEmeqdIwg2pSegy6XX1rC5CAE5AJbkwYfskK3IWITvmOgn2vew86jMoz9vpjgnCdG2EjOuDkBpB07oe6atMJnNNOi9qBAM9uaYxdLyFXC-zc4=;;;gAAAAABnhWXEv8lACBNcTZ5SWKeGDwDPpJZ2eAQTTlr-T7AxqzaJCThSUc-NjbnvA8nkeB12v2T9KRP1rg8iTmCzv3bwRKiRug==;gAAAAABnhWXE1dhBMqvA_4Pl7dwXYjJ0DBALYs9LDHmYavbj9JkhaPAg5u1rhmo-a_DdCPJjGkYiigfKaclPHDoS15O5jJnOAkLj9mbzXEcmtgf2ZS_wW6w=;2021-06-09;2024-05-08
CUST037;Mr.;Jasmine;Nancy;Rodriguez;gAAAAABnhWXE76AbZbnDafMuHBbDX9-0Xyf-4YhdD10HGjVMgB5kVqGvPNheq5LvozK-CTfSetVRqZYZimy6qqXY2I1C8QtXWfUjIkausJFA8EUZ6HIouzg=;gAAAAABnhWXE27x8MuPGH0_JvgVSnUp1pkMsfvIQvFZBgHcof9V8HiQURxr2NwAKU45Wg-o2La9KSbUSpmxe-Q96sQ-_0ON72w==;;gAAAAABnhWXEHpO45I2lasYIvFqpL4IKBXUl8-jXYfzCyw1Z1jrQZvHUSS8dYGxW97FUJT5NHGiRHGFvSoy9mctp8Y1kQrjhhQ==;gAAAAABnhWXE_0mZYicLO4Bv58ZYYKVkHpQa_zrsUaY88QPRuGQHt2qJMEyEkMffJUoPdmM6RPuobJ8IMuoxZYHT6A5aZ9lQqg==;gAAAAABnhWXE7Q0fy1ACGv689rFyVooim4iXjLXOOcTIqzyy6YiI9M1qx0FkKNXfd0A2Kz5zNSGzE5eGt_YJeXk6JGbm6V5TMQ==;gAAAAABnhWXEYsEnVU_m2iRsWDM5d3_J4WcQz4O5bPqjMTjvcQBdvLvS6fSOeDmRnCESLI7BxZcuxDwtD8YH3WZbGxvKBCSganFnJdAm-Gx6d3fEk4nTll8=;2020-06-29;2020-12-28
CUST038;Prof.;Patricia;Mary;Hudson;gAAAAABnhWXEE3A-bhnlmHS0b-KpFR5RCROevl6HADFqQfDBbxXuf0ZAoC6YqfA1V6I1p-CE2iMORPWGmmOwK3bbtC3rwtzyWH_Zjz-gdPoYmK4jGIk1cp0=;gAAAAABnhWXEQ1MmO5zqi2XNl9zyqbd7nR7_-UoI2V0NnFuNGLG6rRnsYvP6bGN581e3_Vgt946MNyKfx6CoSuRK6fepVVhNJg==;gAAAAABnhWXE_3X40GoEXXfGrusTLKvOQ_bsNh-6qoPzFa3-I4epbp62xCCoIAVtCTPq21pXoYgUn-rQJL6mc1ZlRGvawKPiihuRe0PhQ4RyKDijAmicUSA=;;gAAAAABnhWXEQZNHBfDy16MHeoEJdXtp1Vr99pmkCCalIWK4Tt_W9zY-CBIa_LdYZr87dgIP4TH1R1-PdRWIkGnOWmpN-J36Qw==;gAAAAABnhWXE3hgYILkr0HXQ7MEh1p1A8h31BTmCxXaa8nXtvP-zuptmLPit2q4BAvj-QfoEiea7mfaQ4afBla3GTaRnS6ZMPg==;gAAAAABnhWXEe-ffpQt0OUlZFVJjfbyXDolfPEzlW08rK8O28KO9QD1tcdS4styfgAfWdXlAWXpbw_MZW_cVOueUX_CwDjf5dgyACH4CMrjMfo5FGH4R_ys=;2024-11-09;2024-11-16
CUST039;Mrs.;Allison;George;Townsend;gAAAAABnhWXEVz2vCEqUXsVP9nvo6Y_j4k6jE1eawFA8BYTToDZOulPE3t_t-PRQcu68iFhfHl2NdN0CNEKbc64ysenTo3JhNH88snjrFzX4XK8Ay2OV_7w=;gAAAAABnhWXElLx4EEzgVDHjENqrdZ4NV8H1T2ghBWN3v75R9dpm5E73opaa8cBkbA7NYbGdUPBzH2cLeHgbB-tb4RvHyw3LzQ==;gAAAAABnhWXE4tzLeUsHsQOgV_nid3uAixuGxzj1Hc9lt9tuOYJGSSuevP2iqrl4yS6W459P1vm8I4kcZZasfy8H0W2nHwV1Ts04nUNRnq84tErxOZxpcoc=;gAAAAABnhWXEAAjTWgnVsL7bwHIxnhESnhwffu8R_SUWjfDk_jERF319i1yrdbDgWek3lLgX2nh1pSXqLE5cmjc_vWsMb3ScZg==;gAAAAABnhWXEsHc8usfO9_cAKwpIHh9Y7pfe53D_EGSZruii9y2uc1R1OCqXWoq76hP2lvoKjZPr0xs8tEdMR4LJZvCs-Bze-w==;gAAAAABnhWXExU65nT-PeQiZXH2IJOBVYXzSdtOuf6affxG_89_eXGR_gNRqSeaMcxLDF-lZGISWr2fmvAeSg2C7sz6fI2jvpA==;gAAAAABnhWXEDO7lh_Z3-JXBtKfEl9hjp90kVShn8Fn_SU7LvOhwxjA8IirmkJTQt3BriAqF0ojYYdDODbr1HRcZ87vVIpY-bqMlNJL1oPTUV6E37h7i40k=;2020-02-18;2023-07-22
CUST040;;Sherri;Jennifer;Henderson;gAAAAABnhWXEu6pKRq1cQ74sPR9lv3eBEaFEY-TMpeNw4Yfpgh5vCrla1PydRZlWUz3GjyMwReEpRcBbsBDGtbD8yRzhfahfqPklG-5GGluztKK_eg438uE=;gAAAAABnhWXEsaokt5BqpeBzDZU5F1FyupLNoWCyxBnpU1IK0jDAD2YaMFDW6HwH_5A8fG0y7dKAV3neDVuJyXUIIo_tkKUpJg==;gAAAAABnhWXEkfQnD_ciaYUF4nzHGLvp4GaYdh1A9GXuz8FWnf49Cr9MgQZh4ydvxuxvHbklV-j8WnzBmifeV4sKTeE0QmFHkVSLJY9cXkMKbHFuNJ5xZuQ=;;gAAAAABnhWXEXJPzXr2aC0J-1YBUsmkgmCG4g3BhHeM3FIfc8rZVZcQoZw_68dX_-ftJgMvUuAGTIOLuEAEdtrNMhDJUGL8oAA==;gAAAAABnhWXE1ZV0lwzXL_3ga8aTSZg3gC_ALrvSsNXFUuPqbfCEj8PmckO4i7kqEvV0Lq1ze4VpHGnboTGtdxSiKxVM5P7jQg==;gAAAAABnhWXE-u12osZwIu2ZOikZhvehAhrL4873cnenu_c8jBAHXvqJHME-wetPI-NWpbATApv-s06PN5-2vgtR-ALGR0hwSfFGWR6T2K22-n_mqHaEvqo=;2021-05-01;2023-11-03
